{
    "name": "Dyson-Sphere-Program-Lib",
    "version": "0.0.3",
    "title": "Dyson Sphere Program Lib",
    "author": "LUIS DAS ARTIMANAHS",
    "contact": "luisaugustodesouza785@gmail.com",
    "homepage": "https://github.com/LUISDASARTIMANHAS/Factorio-Dyson-Sphere-Program-Lib",
    "description": "Mod que importa tudo do jogo dyson sphere program, inspirado (mas não afiliado ao jogo dyson sphere program).",
    "factorio_version": "2.0",
    "dependencies": [
        "base >= 2.0.0",
        "space-age",
        "LDA-LIB >= 0.0.2"
    ],
    "license": "GNU General Public License v3.0",
    "thumbnail": "thumbnail.png",
    "quality_required": true,
    "space_travel_required": true,
    "spoiling_required": true,
    "freezing_required": true,
    "segmented_units_required": true,
    "expansion_shaders_required": true
}
